{
    "best_solution_vector": [
        2.361012314721013,
        "[-0.03983742 -0.33618825 -0.30748843  0.10857202 -0.10218976  0.19943384\n -0.18840012  0.05792919  0.13789632  0.57290629]"
    ],
    "time": 18.78508949279785
}
