{
    "best_solution_vector": [
        522.3072392987339,
        "[-378.09606864  110.96020701    7.65372613  432.32290566  256.89498773\n  102.97102642  476.46572515  -45.50292169  -67.84413246  225.58366552]"
    ],
    "time": 18.582693815231323
}
