{
    "best_solution_vector": [
        522.3138164181469,
        "[ -8.20617398 -15.65931238  -1.67605168  21.86364836   1.27074968\n  12.40007321  -8.45279422 -30.89215267 -10.37198542  -4.60933038]"
    ],
    "time": 23.805901050567627
}
