{
    "best_solution_vector": [
        22.28525612197284,
        "[ 27.51057089 -31.49071461  29.52821835 -30.49766635 -27.47073682\n -23.51135112 -30.46013605  29.47880789  31.44955057 -28.53327519]"
    ],
    "time": 13.598596572875977
}
