{
    "best_solution_vector": [
        0.007524932360781111,
        "[ 0.00222321 -0.00224068 -0.00301029 -0.00046284  0.00043289  0.00225351\n  0.00261024 -0.00017947  0.00132316 -0.00078739]"
    ],
    "time": 16.800076723098755
}
