{
    "best_solution_vector": [
        1.7613328025260455,
        "[ 0.07969191 -0.07965763 -0.09145592 -0.08687397  0.11514887 -0.03851723\n -0.0520153  -0.10097797 -0.69915484 -0.26073276]"
    ],
    "time": 15.663926124572754
}
