{
    "best_solution_vector": [
        0.015031186243171124,
        "[ 0.00160103 -0.00134355  0.00152468  0.00012109 -0.00106829 -0.00056986\n  0.0059138   0.0038933  -0.0050566  -0.00669037]"
    ],
    "time": 22.9901921749115
}
