{
    "best_solution_vector": [
        522.3421862312762,
        "[-290.84439401 -240.38057562 -300.91927808  125.60614772 -440.62520208\n -195.93000204 -388.9472203     3.12182408  474.78388919  471.96066244]"
    ],
    "time": 18.249318599700928
}
