{
    "best_solution_vector": [
        522.3282596459452,
        "[-12.18414478   0.44685305   9.72762858  -0.52047212  -3.64934089\n   0.28774428  -2.84705665  -0.5007727    8.72265996 -16.8050468 ]"
    ],
    "time": 24.701842784881592
}
