{
    "best_solution_vector": [
        2.1009959708058057,
        "[ 0.20830149  0.16887056  0.01669634  0.1386966   0.0282722  -0.22612837\n  0.12289394  0.20867199 -0.88251564  0.08943772]"
    ],
    "time": 18.669008493423462
}
