{
    "best_solution_vector": [
        22.27766913729721,
        "[-31.49615775 -29.56361114  27.4859258   29.55487514 -28.53293466\n -28.46188125  31.55175857  31.50071926 -30.5690985   26.40969339]"
    ],
    "time": 16.650174856185913
}
