{
    "best_solution_vector": [
        1.5144628188447808,
        "[ 0.02741615 -0.09802221  0.18399543  0.7694297  -0.02144151  0.02139327\n -0.09724486 -0.07666348  0.0662738   0.03544865]"
    ],
    "time": 19.290727853775024
}
