{
    "best_solution_vector": [
        1.8712574771408907,
        "[ 0.10432181 -0.3492556   0.15184479  0.11295257  0.1716987   0.04086616\n -0.10725879  0.25882501 -0.20797936  0.15209489]"
    ],
    "time": 15.071107864379883
}
