{
    "best_solution_vector": [
        22.285063059630502,
        "[-27.57355001  27.46382095 -30.50090479  29.4565548   31.5404794\n  27.49197139  28.52806793  29.51941277  30.47930068 -30.48903998]"
    ],
    "time": 16.5820529460907
}
