{
    "best_solution_vector": [
        0.02129952070556529,
        "[ 0.00310086  0.00805125  0.00148799  0.00554144  0.00117411 -0.00548713\n  0.0044495  -0.00152391  0.00753021  0.00562468]"
    ],
    "time": 17.795507192611694
}
