{
    "best_solution_vector": [
        22.272204340893467,
        "[ 31.41990677  31.47683841  28.44369119  25.54990484  29.48402053\n -31.51640776  26.48286675  26.51113077  31.50785119  23.42380458]"
    ],
    "time": 18.092310428619385
}
