{
    "best_solution_vector": [
        0.019173270360788752,
        "[ 0.00581309  0.00129352 -0.00271465 -0.01016985 -0.00242677 -0.00022042\n  0.00080474 -0.00273127  0.00628868  0.00213665]"
    ],
    "time": 24.211939811706543
}
