{
    "best_solution_vector": [
        522.3106896041618,
        "[  0.9251952   -1.89736586  10.78148507  -7.61449735 -18.54168135\n   4.75350763  -0.14506716  14.59740711  17.25182613 -27.45304163]"
    ],
    "time": 23.871970415115356
}
