{
    "best_solution_vector": [
        522.3312536785235,
        "[ 113.8842146   175.85080234   35.15934049  369.83291155  -36.41429855\n  385.85442221  195.57476575  -23.63896801 -246.0178708  -391.52075298]"
    ],
    "time": 18.7246515750885
}
