{
    "best_solution_vector": [
        1.1005613926037126,
        "[-0.00904087  0.1552881   0.00541366  0.16352188 -0.16587714  0.02723835\n  0.17762229 -0.10175113 -0.11571226 -0.09567893]"
    ],
    "time": 14.945492506027222
}
