{
    "best_solution_vector": [
        0.010803236152267193,
        "[-0.00286715 -0.00057316 -0.00063328 -0.00125193  0.00127874  0.00336151\n -0.00279582 -0.00212937 -0.00558457 -0.00106601]"
    ],
    "time": 14.835999488830566
}
