{
    "best_solution_vector": [
        522.3297973724428,
        "[ 14.52087879  22.88673207  -7.91567461   4.46517469   2.48815602\n  -4.94508824  -6.53536877 -27.14102862  -3.52045557   0.47519563]"
    ],
    "time": 23.621339082717896
}
