{
    "best_solution_vector": [
        522.3119648310751,
        "[ 185.13280644 -322.34341956  165.85400021 -492.71086636  106.92127787\n -106.16791875 -492.89392456 -288.25941574 -101.53635917   15.62454081]"
    ],
    "time": 18.732579231262207
}
