{
    "best_solution_vector": [
        522.3147066264331,
        "[ -8.32357271   5.81608234 -24.82267254   2.94755522  13.19322212\n -12.12704366 -22.08261815 -12.24790606  20.31670243   9.13748797]"
    ],
    "time": 23.41759204864502
}
