{
    "best_solution_vector": [
        0.02006717945337444,
        "[ 0.00132179 -0.00171683 -0.00031966 -0.01117524  0.00182957  0.00731216\n -0.00201787 -0.00114391  0.00196191 -0.00520424]"
    ],
    "time": 16.753777265548706
}
