{
    "best_solution_vector": [
        1.3827453862576786,
        "[-0.03277036  0.0556735   0.15757327  0.11467571 -0.30909662  0.15973681\n  0.10193189  0.10009774  0.12299537  0.11515112]"
    ],
    "time": 18.811483144760132
}
