{
    "best_solution_vector": [
        1.7372346138488166,
        "[ 0.06450731 -0.06815699  0.16054761 -0.10076758 -0.1273104  -0.06908719\n -0.03609527  0.17936758  0.70268875  0.11409454]"
    ],
    "time": 14.10997986793518
}
