{
    "best_solution_vector": [
        522.3290664236798,
        "[ 177.05781212 -300.54862424   43.41201169 -147.89940059  102.21810386\n -125.59220742   99.13392447  222.83796268  361.91945227  -80.64812896]"
    ],
    "time": 18.784148454666138
}
