{
    "best_solution_vector": [
        522.3248748144337,
        "[-25.26232365  -8.35433618  19.20680209  -1.77270788 -20.42950329\n  -5.83703019   8.53544719 -10.09682297  -4.44041999 -24.87650795]"
    ],
    "time": 24.721917629241943
}
