{
    "best_solution_vector": [
        2.0090295385555668,
        "[ 0.29746075 -0.11934758  0.01880251  0.09657109  0.19182687 -0.06063789\n -0.10206836 -0.924198   -0.14291112 -0.07808224]"
    ],
    "time": 13.981562614440918
}
