{
    "best_solution_vector": [
        22.29508935250482,
        "[ 30.55573668 -22.46978258  31.51128227  31.4894149  -29.47830664\n  31.44557035 -31.50637512  31.47046965 -28.50185577  31.47214717]"
    ],
    "time": 16.565094709396362
}
