{
    "best_solution_vector": [
        522.322832387199,
        "[-211.19237018  407.75554742 -172.93078362  221.25235333 -173.35763684\n  440.01412649  251.61173759  290.16497999   35.12192714  193.55881713]"
    ],
    "time": 18.65003228187561
}
