{
    "best_solution_vector": [
        522.3094434009422,
        "[-9.51811647  3.51249614 11.09022026 -0.01790781 -3.69488715 -5.21344404\n -2.96986588 -4.02595713 10.9067212  -6.97047457]"
    ],
    "time": 24.708811283111572
}
