{
    "best_solution_vector": [
        22.26117912730019,
        "[ 29.47356002 -26.51396272 -31.55943392  29.54635882 -30.55568563\n -21.61676668  30.40115161  30.50467194 -29.49975462 -27.56068674]"
    ],
    "time": 18.276716470718384
}
