{
    "best_solution_vector": [
        22.2834389632936,
        "[-31.44142922 -30.42576062  31.52356346  31.47656528 -30.54835742\n -28.47781233 -27.44225734  28.49710069  31.55437297  24.49976568]"
    ],
    "time": 16.49954915046692
}
