{
    "best_solution_vector": [
        22.27072142906451,
        "[ 29.46195995  28.48772629 -30.50675262 -31.48675309  26.58143171\n  15.48730041  31.44539244 -28.47429946 -30.46438767 -28.44724429]"
    ],
    "time": 16.725093364715576
}
