{
    "best_solution_vector": [
        522.3377196305073,
        "[  -0.51471582  -13.11716782  390.37870623 -481.1053106  -430.79210438\n -327.86451698   95.28207647 -138.36809753 -278.2989471   225.79025911]"
    ],
    "time": 18.505651712417603
}
