{
    "best_solution_vector": [
        22.287957822017333,
        "[-31.46741069  29.51513488 -29.43523481 -31.54515781 -28.44377126\n  29.42168074  30.50318268 -29.48571945 -31.44421383 -30.50630007]"
    ],
    "time": 17.16592574119568
}
