{
    "best_solution_vector": [
        22.26957135362052,
        "[ 29.40757755 -27.47258652  31.41276182 -28.48212011 -24.57087241\n  27.52280885 -31.48049414  29.54076489  27.53435904 -31.46541022]"
    ],
    "time": 18.00186276435852
}
