{
    "best_solution_vector": [
        22.264563011057803,
        "[ 29.40866469 -28.39646262  30.54039996 -30.42602594 -30.47424615\n -31.54610788 -21.48663453 -28.46595657 -29.57263227 -29.52380161]"
    ],
    "time": 18.940067529678345
}
