{
    "best_solution_vector": [
        522.3185459244824,
        "[ 1.97118235 -8.13520848 12.71330802  3.40880037  2.32237857 -1.72658053\n 15.61856348 24.14657063 -4.23787363  8.38768686]"
    ],
    "time": 23.30031442642212
}
