{
    "best_solution_vector": [
        522.3231060711803,
        "[  5.39100952 -15.21432518   2.75631897   6.76165477  -4.2921895\n  -7.54936229   2.69004447  13.23862922  -4.49100752  -3.88714747]"
    ],
    "time": 23.998215675354004
}
