{
    "best_solution_vector": [
        0.018517185387608937,
        "[ 0.00691173  0.00076766 -0.00552261  0.00116166 -0.00111084  0.00276022\n  0.00169061  0.00804383  0.00539269  0.00238009]"
    ],
    "time": 18.277970552444458
}
