{
    "best_solution_vector": [
        22.28923667763386,
        "[-29.44456056  25.49120681  31.47358023 -31.50150836 -27.47758804\n  31.58940258 -31.49620288 -28.44686514  31.46845246 -31.52527436]"
    ],
    "time": 16.76669669151306
}
