{
    "best_solution_vector": [
        522.3221078886993,
        "[ -6.92217959   3.05549933   1.45089729  12.27229867 -30.55740178\n -20.26402623   7.08941945  -4.15889401  27.36965421  -5.27268208]"
    ],
    "time": 23.58067274093628
}
