{
    "best_solution_vector": [
        22.26563784786767,
        "[-29.41458564  27.49743913 -31.48208395  31.45981614 -30.49593063\n   9.47624671  26.43432673 -29.49405899 -25.50632618 -31.5229432 ]"
    ],
    "time": 18.071481943130493
}
