{
    "best_solution_vector": [
        22.286597160124064,
        "[-31.53338647 -30.58573224 -28.46859651  28.47579477  31.46933889\n  31.46833987  29.44459744 -27.49665479  27.47579731 -30.48754305]"
    ],
    "time": 17.20333218574524
}
