{
    "best_solution_vector": [
        0.007241198622427891,
        "[-0.00078138  0.0009711  -0.00322893  0.00094966 -0.00137826 -0.00106909\n  0.00197543 -0.00144769 -0.00267437 -0.00148559]"
    ],
    "time": 18.587427616119385
}
