{
    "best_solution_vector": [
        22.283725189814216,
        "[-26.50141587  29.5183164   28.4863118   29.52796941 -28.54328036\n -28.44030347 -31.54907936 -31.54931745  28.47537559 -30.45897407]"
    ],
    "time": 16.61013102531433
}
