{
    "best_solution_vector": [
        22.269228291438566,
        "[ 31.56512909 -30.53856777  31.49649698  30.44607864  28.50714549\n  27.53525781  15.48941505  24.49793379  28.54129385  29.45851922]"
    ],
    "time": 17.885295629501343
}
