{
    "best_solution_vector": [
        522.3284630576062,
        "[ 282.31204438 -386.21124876 -331.08090377  266.97077784  327.09772759\n  421.97040823  391.50998415 -295.30518964 -250.65630772  161.26618704]"
    ],
    "time": 18.578017711639404
}
