{
    "best_solution_vector": [
        22.24795589349518,
        "[-27.52034881  28.51967622  22.55987679  26.38790607 -28.40706955\n -27.52900642  30.56422599 -28.51079914  28.57579682 -29.49130081]"
    ],
    "time": 18.37666964530945
}
