{
    "best_solution_vector": [
        22.273865048933924,
        "[ 31.43137653  27.55166752  18.47936192 -30.59214604  30.47898316\n -30.49983796 -28.43314988 -29.52779774 -31.46515289 -30.52864348]"
    ],
    "time": 15.499527215957642
}
