{
    "best_solution_vector": [
        522.3382624149976,
        "[  53.75886229  -71.1744868   288.37096042  -99.43949316  110.53154338\n  120.3299856   185.54343273   20.74530742  162.8674217  -116.02525811]"
    ],
    "time": 18.50161075592041
}
