{
    "best_solution_vector": [
        0.012153376501647717,
        "[-0.0031125   0.0021469   0.00150019  0.00449408 -0.00207897 -0.00294345\n  0.00306363  0.00049728 -0.00260788  0.00440022]"
    ],
    "time": 16.489235877990723
}
