{
    "best_solution_vector": [
        0.012595712043701912,
        "[-0.00244954  0.00130637 -0.0001077   0.00373244 -0.00236439  0.00321912\n  0.00184546 -0.00669406 -0.00227019  0.00080761]"
    ],
    "time": 17.02454972267151
}
