{
    "best_solution_vector": [
        1.3065956302835926,
        "[-0.05213459 -0.1053384   0.04689624  0.04882111 -0.09174894 -0.0270089\n -0.04615549  0.16015219 -0.14027724 -0.37587433]"
    ],
    "time": 14.136462450027466
}
