{
    "best_solution_vector": [
        22.248962707728076,
        "[-20.48051299  30.42417256 -30.42558139 -30.45263752 -18.57059361\n  25.43234076 -31.48457149  27.4252206   30.40943868  31.49487393]"
    ],
    "time": 19.025243043899536
}
