{
    "best_solution_vector": [
        2.2799948650512545,
        "[ 0.11261421  0.09731174  0.10624867 -0.02026591  0.95114603 -0.00836524\n  0.31476856 -0.73092086  0.04261489 -0.01914325]"
    ],
    "time": 13.770271062850952
}
