{
    "best_solution_vector": [
        22.2518876354703,
        "[-26.44621027 -31.53008974  29.55563729  27.53968264 -27.51102768\n  31.31724319  27.47524403 -31.53214577  25.48352996  30.40472749]"
    ],
    "time": 18.95111870765686
}
